{"Auto Angler Quests":false,"Reduce Lag":false,"Hide Notification":false,"Auto Ingredients":false,"Farm Reel Mode":"Faster","Choose Rod Equip":"Plastic Rod","Allow Use Shiny":false,"Freeze Body":false,"Auto Claim Crab Cage":false,"Auto Buy Quality Bait Crate [525$]":false,"Auto Tap Loading Screen":false,"Auto Farm Fish":false,"Auto Cast Zone":false,"Infinite Jump":false,"Walk On Water":true,"Unrender Players Crab Cage":false,"Auto Kings Rod":false,"Auto Buy Relic [11,000C$]":false,"Anti-Staff":false,"Auto Trade Player":false,"Enable Walkspeed":false,"Allow Use Mutation":false,"Remove Fog":false,"Auto Sell Fish":false,"Auto Place Crab Cage":false,"Auto Use Totem":false,"Auto Complete Pierre":false,"Auto Sell In Hand":false,"Allow Use Sparkling":false,"Auto Buy Crab Cage":false,"CTRL + Click to Teleport":false,"Auto Equip Bait":false,"Webhook Caught Rarity":false,"Auto Accept Trade":false,"Auto Buy Bait Crate":false,"Auto Cast":true,"Choose Island":"Uncharted","Prevent Perfect Catches":true,"Auto Fungal Rod":false,"Farm Fish Mode":"Safe","Dupe Shadows V1":false,"Auto Give To Player":false,"Auto Trident Rod":false,"Auto Prevent Crab Cage":false,"Show Screen White":false,"Simulate Lag/Ping":false,"Remove Blur":true,"Boost FPS":false,"Auto Scurvy Rod":false,"Lock Position":false,"Allow Use Weight":false,"Auto Buy Luck [5,000C$]":false,"Allow Ping On Ping Message/ID":false,"Auto Shake":true,"Infinite Oxygen":true,"Auto Sell All":false,"Auto Magma Rod":false,"Webhook Caught":false,"Send Webhook Stats":false,"Auto Fix Treasure Map":false,"Destroy Shadows":false,"Auto Reconnect":false,"Auto Farm Bones":false,"Auto Ingredients Pot":false,"Auto Bestiary Map":false,"Show Screen Black":false,"Auto Get Treasure Chest":false,"Auto Fillionaire":false,"Auto Buy Coral Geode [600$]":false,"Auto Relic Rod":false,"Auto Appraise":false,"Dupe Shadows V2":false,"Auto Nuke Minigame":true,"Auto Reel":true,"Auto Equip Random Bait":false,"Unrender Flag":false,"Auto Bestiary All":false}