{"Auto_Stats_Fruit":true,"Select Chip":"< 1M","Select Dungeon":"Flame","Select Devil Fruit 1":"...","Select Material":"...","Auto Farm Vampire Fangs":false,"Auto Bypass Tp":true,"Auto Hop Server Azure":false,"Auto Buy Sanguine Art":false,"Chest Order":80,"Auto Rejoin":true,"Select Devil Fruit 5":"...","Auto Farm Demonic Wisps":false,"Owner Boat":"thamnrbd_x","Select Island":"","FPS Booster":false,"Auto Farm Level":false,"Auto Farm Azure":false,"Close Ui":false,"Select Devil Fruit 4":"...","Auto Farm Leviathan":false,"Select Devil Fruit 2":"...","Auto Reset Cooldown":false,"Auto Farm Fox Lamp (One Click + Hop Server)":false,"Auto Get Leviathan Heart":false,"Show Mastery Sword":true,"Owner Beast Hunter":"ZadeuixB06322","Select Devil Fruit 3":"...","Black Screen":false,"Auto Farm Darkbeard":false,"Weapon":"Electric Claw"}