{"Fish":{"Oxygen":true,"CenterShake":false,"AutoPlaceCage":false,"SelectTotem":"Sundial Totem","AutoEnchant":false,"CatchWebhook":false,"FishEvent":false,"Mode":"Extreme","WalkSpeed":"16","AutoCatch":true,"EquipBait":false,"NotifyFishEvent":true,"SavePosition":null,"MissCatch":false,"ClickMode":"Mouse","AutoBuyBaitCrate":false,"PerfectCatch":true,"limitPlaceCage":100,"AutoReSize":false,"Safe Mode":false,"BigShake":false,"Shiny":false,"AutoThrownRod":false,"AutoRejoin":true,"Sparkling":false,"SelectHopWeather":"Clear","WebhookUrl":"","SelectIsland":"DeepOcean","EventHighDis":"100","AutoHopWeather":false,"AutoSellHand":false,"FishSize":1000,"AutoSellAll":false,"EventSelect":"","Mutation":"None","AutoFarmLevel":false,"SelectEnchant":"","AutoBuyCrabCage":false,"AutoTradeHand":false,"AutoBuyRelic":false,"BaitWrapZone":false,"NotifyMerchart":true,"AntiAFK":true,"BlackScreen":false,"WhiteScreen":false,"JobId":"","TeleportIsland":true,"WalkWater":false,"AutoTrade":false,"WalkUnderWater":false,"RandomBait":false,"AutoCrabCage":false,"HideNotify":false,"JumpPower":"50","HideName":true,"AutoShake":true,"DestroyKillPart":false,"BaitSelect":"Worm","SelectThrow":"Remote","AutoRandomLantern":false,"HideAllUi":false,"MissCatchAt":100,"AutoRandomBaitCrate":false,"AutoOpenChest":false,"SelectLantern":"Basic","DeleyApprasie":0.8,"TpMode":"Teleport","AutoTween":false,"SelectZoneFishing":"Deep Ocean","AutoMinigame":true,"AutoUseTotem":false,"AutoAcceptTrade":false,"SelectPlayerTrade":"","AutoBuyLuck":false}}