{"_flags":{"stats":false,"selected_player_playertab":"I love you","raiding_pos_y":0,"selected_boss":"Stone","information_one":false,"kill_at_percent":20,"raiding_pos_z":0,"dashlength":1,"select_weapon":true,"jumppower":50,"selectedplayer":"None","gun_attack_method":"1","fruit_swan_quest":[],"farming_thirdsea":false,"selected_weapon_DA_Hunter":"Melee","quick_time":false,"textsize_esp":12,"auto_stats_bloxfruit":true,"farming_pos_y":20,"fruit_main":true,"abilities":false,"combat":false,"shop_sword":false,"auto_buy_legsword":false,"information_bloxfruit":false,"legendary_sword":false,"auto_farm_haki":true,"selectedmob":"None","auto_sea_3":false,"farming_level":true,"auto_buy_hakicolor":false,"haki_color":true,"client":false,"fps_cap":50,"select_ship_seaM":"None","skyjump_inf":8,"auto_farm_level":true,"fighting_style":false,"selectednpc":"None","bring_all_fruits":false,"selected_melee_mode":"2 : Very High UNC","selected_mob":"Pirate Millionaire","raiding_pos_x":0,"farming_pos_z":0,"farming_pos_x":0,"bring_mob_distance":180,"selected_weapon":"Melee","walkspeed":30,"ship_speed":340,"selectedisland":"None","select_raid":"Flame"},"_library":[],"_keybinds":[]}